address,symbol
XsHtf5RpxsQ7jeJ9ivNewouZKJHbPxhPoEy6yYvULr7,ABTx
XswbinNKyPmzTa5CskMbCPvMW6G5CMnZXZEeQSSQoie,ABBVx
Xs5UJzmCRQ8DWZjskExdSQDnbE6iLkRu2jjrRAB1JSU,ACNx
XsCPL9dNWBMvFtTmwcCA5v3xWPSMEBCszbQdiLLq6aN,GOOGLx
Xs3eBt7uRfJX8QUs4suhyU8p2M6DoUDrJyWBa8LLZsg,AMZNx
XsaQTCgebC2KPbf27KUhdv5JFvHhQ4GDAPURwrEhAzb,AMBRx
XsbEhLAtcf6HdfpFZ5xEMdqW8nfAvcsP5bdudRLJzJp,APPLx
XsPdAVBi8Zc1xvv53k4JcMrQaEDTgkGqKYeh7AYgPHV,APPx
Xs3ZFkPYT2BN7qBMqf1j1bfTeTm1rFzEFSsQ1z3wAKU,AZNx
XswsQk4duEQmCbGzfqUUWYmi7pV7xpJ9eEmLHXCaEQP,BACx
Xs6B6zawENwAbWVi7w92rjazLuAr5Az59qgWKcNb45x,BRK.Bx
XsgSaSvNSqLTtFuyWPBhK9196Xb9Bbdyjj4fH3cPJGo,AVGOx
XsNNMt7WTNA2sV3jrb1NNfNgapxRF5i4i6GcnTRRHts,CVXx
XsueG8BtpquVJX9LVLLEGuViXUungE6WmK5YZ3p3bd1,CRCLx
Xsr3pdLQyXvDJBFgpR5nexCEZwXvigb8wbPYp4YoNFf,CSCOx
XsaBXg8dU5cPM6ehmVctMkVqoiRG2ZjMo1cyBJ3AykQ,KOx
Xs7ZdzSHLU9ftNJsii5fCeJhoRWSC32SQGzGQtePxNu,COINx
XsvKCaNsxg2GN8jjUmq71qukMJr7Q1c5R2Mk9P8kcS8,CMCSAx
Xs7xXqkcK7K8urEqGg52SECi79dRp2cEKKuYjUePYDw,CRWDx
Xseo8tgCZfkHxWS9xbFYeKFyMSbWEvZGFV1Gh53GtCV,DHRx
Xs2yquAgsHByNzx68WJC55WHjHBvG9JsMB7CWjTLyPy,DFDVx
Xsnuv4omNoHozR6EEW5mXkw8Nrny5rB3jVfLqi6gKMH,LLYx
XsaHND8sHyfMfsWPj6kSdd5VwvCayZvjYgKmmcNL5qh,XOMx
Xsf9mBktVB9BSU5kf4nHxPq5hCBJ2j2ui3ecFGxPRGc,GMEx
Xsv9hRk1z5ystj9MhnA7Lq4vjSsLwzL2nxrwmwtD3re,GLDx
XsgaUyp4jd1fNBCxgtTKkW64xnnhQcvgaxzsbAq5ZD1,GSx
XszjVtyhowGjSC5odCqBpW1CtXXwXjYokymrk7fGKD3,HDx
XsRbLZthfABAPAfumWNEJhPyiKDW6TvDVeAeW7oKqA2,HONx
XshPgPdXFRWB8tP1j82rebb2Q9rPgGX37RuqzohmArM,INTCx
XspwhyYPdWVM8XBHZnpS9hgyag9MKjLRyE3tVfmCbSr,IBMx
XsGVi5eo1Dh2zUpic4qACcjuWGjNv8GCt3dm5XcX6Dn,JNJx
XsMAqkcKsUewDrzVkait4e5u4y8REgtyS7jWgCpLV2C,JPMx
XsSr8anD1hkvNMu8XQiVcmiaTP7XGvYu7Q58LdmtE8Z,LINx
XsuxRGDzbLjnJ72v74b7p9VY6N66uYgTCyfwwRjVCJA,MVRLx
XsApJFV9MAktqnAc6jqzsHVujxkGm9xcSUffaBoYLKC,MAx
XsqE9cRRpzxcGKDXj1BJ7Xmg4GRhZoyY1KpmGSxAWT2,MCDx
XsDgw22qRLTv5Uwuzn6T63cW69exG41T6gwQhEK22u2,MDTx
XsnQnU7AdbRZYe2akqqpibDdXjkieGFfSkbkjX1Sd1X,MRKx
Xsa62P5mvPszXL1krVUnU5ar38bBSVcWAB6fmPCo5Zu,METAx
XspzcW1PRtgf6Wj92HCiZdjzKCyFekVD8P5Ueh3dRMX,MSFTx
Xs8S1uUs1zvS2p7iwtsG3b6fkhpvmwz4GYU3gWAmWHZ,QQQx
XsEH7wWfJJu2ZT3UCFeVfALnVA6CP5ur7Ee11KmzVpL,NFLXx
XsfAzPzYrYjd4Dpa9BU3cusBsvWfVB9gBcyGC87S57n,NVOx
Xsc9qvGR1efVDFGLrVsmkzv3qi45LTBjeUKSPmx9qEh,NVDAx
XsjFwUPiLofddX5cWFHW35GCbXcSu1BCUGfxoQAQjeL,ORCLx
XsoBhf2ufR8fTyNSjqfU71DYGaE6Z3SUGAidpzriAA4,PLTRx
Xsv99frTRUeornyvCfvhnDesQDWuvns1M852Pez91vF,PEPx
XsAtbqkAP1HJxy7hFDeq7ok6yM43DQ9mQ1Rh861X8rw,PFEx
Xsba6tUnSjDae2VcopDB6FGGDaxRrewFCDa5hKn5vT3,PMx
XsYdjDjNUygZ7yGKfQaB6TxLh2gC6RRjzLtLAGJrhzV,PGx
XsvNBAYkrDRNhA7wPHQfX3ZUXZyZLdnCQDfHZ56bzpg,HOODx
XsoCS1TfEyfFhfvj8EtZ528L3CaKBDBRqRapnBbDF2W,SPYx
XsDoVfqeBukxuZHWhdvWHBhgEHjGNst4MLodqsJHzoB,TSLAx
Xs8drBWy3Sd5QY3aifG9kt9KFs2K3PGZmx7jWrsrk57,TMOx
XsjQP3iMAaQ3kQScQKthQpx9ALRbjKAjQtHg6TFomoc,TQQQx
XszvaiXGPwvk2nwb3o9C1CX4K6zH8sez11E6uyup6fe,UNHx
XsssYEQjzxBCFgvYFFNuhJFBeHNdLWYeUSP8F45cDr9,VTIx
XsqgsbXwWogGJsNcVZ3TyVouy2MbTkfCFhCGGGcQZ2p,Vx
Xs151QeqTCiuKtinzfRATnUESM2xTU6V9Wy8Vy538ci,WMTx
XsP7xzNPvEHS1m6qfanPUGjNmdnmsLKEoNAnHjdxxyZ,MSTRx
XsczbcQ3zfcgAEt9qHQES8pxKAVG5rujPSHQEXi4kaN,CRMx
